Date,Name,Year,Letterboxd URI
2021-08-02,Call Me by Your Name,2017,https://boxd.it/dYmm
2021-08-02,Solaris,1972,https://boxd.it/2a2Y
2021-08-02,Live Flesh,1997,https://boxd.it/2aJ4
2021-08-02,Waves,2019,https://boxd.it/jpmy
2021-08-02,Muriel's Wedding,1994,https://boxd.it/2aO4
2021-08-02,The Sound of Music,1965,https://boxd.it/1MLK
2021-08-02,Harvey,1950,https://boxd.it/1T5w
2021-08-02,The Green Knight,2021,https://boxd.it/kuy2
2021-08-02,The Revenant,2015,https://boxd.it/8H5e
2021-08-02,Estômago: A Gastronomic Story,2007,https://boxd.it/2hnO
2021-08-02,Bald Mountain,2013,https://boxd.it/6Jws
2021-08-02,Bacurau,2019,https://boxd.it/fSUG
2021-08-02,Aquarius,2016,https://boxd.it/d6YQ
2021-08-02,Persona,1966,https://boxd.it/29B4
2021-08-02,Greenberg,2010,https://boxd.it/1rt6
2021-08-02,Mistress America,2015,https://boxd.it/9UfS
2021-08-02,Mr. Jealousy,1997,https://boxd.it/vM0
2021-08-02,Margot at the Wedding,2007,https://boxd.it/1OX4
2021-08-02,The Fly,1986,https://boxd.it/1YIe
2021-08-03,Diggers,2006,https://boxd.it/1IFS
2021-08-03,Hannah and Her Sisters,1986,https://boxd.it/23jy
2021-08-03,Once Upon a Time in the West,1968,https://boxd.it/2az4
2021-08-03,Fail Safe,1964,https://boxd.it/2afS
2021-08-03,The Ox-Bow Incident,1943,https://boxd.it/29ai
2021-08-03,Gone with the Wind,1939,https://boxd.it/29Fq
2021-08-03,The Birds,1963,https://boxd.it/2a6m
2021-08-03,Paths of Glory,1957,https://boxd.it/29b6
2021-08-04,Zombie Flesh Eaters,1979,https://boxd.it/217q
2021-08-04,Night of the Living Dead,1968,https://boxd.it/1WwA
2021-08-04,Roadrunner: A Film About Anthony Bourdain,2021,https://boxd.it/nRb2
2021-08-04,Man on the Moon,1999,https://boxd.it/281k
2021-08-04,Seven Samurai,1954,https://boxd.it/2axi
2021-08-04,Melancholia,2011,https://boxd.it/bPI
2021-08-04,Antichrist,2009,https://boxd.it/1Inu
2021-08-04,"Aguirre, the Wrath of God",1972,https://boxd.it/27Fe
2021-08-05,Fitzcarraldo,1982,https://boxd.it/1YV8
2021-08-05,First Cow,2019,https://boxd.it/krga
2021-08-05,The Master,2012,https://boxd.it/2cBG
2021-08-05,Once Upon a Time in America,1984,https://boxd.it/2aCs
2021-08-05,A Fistful of Dollars,1964,https://boxd.it/2auo
2021-08-05,Death Rides a Horse,1967,https://boxd.it/G9I
2021-08-05,The Man Who Shot Liberty Valance,1962,https://boxd.it/1Tdg
2021-08-05,Stagecoach,1939,https://boxd.it/297S
2021-08-05,The Searchers,1956,https://boxd.it/25HC
2021-08-05,Magnolia,1999,https://boxd.it/2aze
2021-08-05,5 Centimeters per Second,2007,https://boxd.it/16G4
2021-08-05,Children Who Chase Lost Voices,2011,https://boxd.it/2M6k
2021-08-05,Blazing Saddles,1974,https://boxd.it/1UHQ
2021-08-05,The Great Beauty,2013,https://boxd.it/5ty6
2021-08-05,La Dolce Vita,1960,https://boxd.it/2anC
2021-08-06,Mystery Men,1999,https://boxd.it/1XIM
2021-08-06,Kramer vs. Kramer,1979,https://boxd.it/h0w
2021-08-06,Rushmore,1998,https://boxd.it/1TAO
2021-08-06,Schindler's List,1993,https://boxd.it/2aq2
2021-08-06,The Untouchables,1987,https://boxd.it/2b6i
2021-08-06,Mad Max: Fury Road,2015,https://boxd.it/2DjO
2021-08-06,Apocalypse Now,1979,https://boxd.it/6ZS
2021-08-07,Lupin the Third: The Castle of Cagliostro,1979,https://boxd.it/1Mn4
2021-08-07,All the President's Men,1976,https://boxd.it/29lU
2021-08-07,Casino,1995,https://boxd.it/2ads
2021-08-07,Gangs of New York,2002,https://boxd.it/25FG
2021-08-07,Raging Bull,1980,https://boxd.it/28yI
2021-08-07,Silence,2016,https://boxd.it/2cAo
2021-08-07,Time and Tide,2000,https://boxd.it/Gpw
2021-08-07,Dazed and Confused,1993,https://boxd.it/1Ylk
2021-08-07,Magnetic Rose,1995,https://boxd.it/DEsQ
2021-08-08,The Wrong Man,1956,https://boxd.it/1AqK
2021-08-08,Mulholland Drive,2001,https://boxd.it/297o
2021-08-08,Mank,2020,https://boxd.it/mIuC
2021-08-08,State Funeral,2019,https://boxd.it/mRVs
2021-08-09,Mary Queen of Scots,2018,https://boxd.it/gkaG
2021-08-09,Emma.,2020,https://boxd.it/kmg0
2021-08-11,The Girl with the Dragon Tattoo,2011,https://boxd.it/2Pa
2021-08-11,The Hand,2004,https://boxd.it/vWp0
2021-08-12,Neon Genesis Evangelion: The End of Evangelion,1997,https://boxd.it/1GRM
2021-08-15,Rebel Without a Cause,1955,https://boxd.it/2aQu
2021-08-16,The Suicide Squad,2021,https://boxd.it/fw6O
2021-08-17,House,1977,https://boxd.it/1vsm
2021-08-18,Dogville,2003,https://boxd.it/2a8W
2021-08-18,La Haine,1995,https://boxd.it/2as8
2021-08-18,A Brighter Summer Day,1991,https://boxd.it/1Luy
2021-08-18,Castello Cavalcanti,2013,https://boxd.it/6WlM
2021-08-19,Paterson,2016,https://boxd.it/cRk2
2021-08-19,Jackie Brown,1997,https://boxd.it/2aVO
2021-08-19,Death Proof,2007,https://boxd.it/27GG
2021-08-19,Grindhouse,2007,https://boxd.it/8RwY
2021-08-20,Rosemary's Baby,1968,https://boxd.it/29zM
2021-08-21,A Streetcar Named Desire,1951,https://boxd.it/29Mc
2021-08-22,"Three Billboards Outside Ebbing, Missouri",2017,https://boxd.it/ceBS
2021-08-22,You Were Never Really Here,2017,https://boxd.it/dWOS
2021-08-23,Requiem for a Dream,2000,https://boxd.it/29VI
2021-08-23,Black Swan,2010,https://boxd.it/Sw0
2021-08-24,Ran,1985,https://boxd.it/1Tlu
2021-08-24,Ikiru,1952,https://boxd.it/251c
2021-08-24,Yojimbo,1961,https://boxd.it/1SRY
2021-08-27,Yi Yi,2000,https://boxd.it/1vCw
2021-08-29,"Synecdoche, New York",2008,https://boxd.it/23zw
2021-08-29,Anomalisa,2015,https://boxd.it/97TE
2021-08-29,Parasite,2019,https://boxd.it/hTha
2021-08-30,Lady Vengeance,2005,https://boxd.it/248G
2021-08-30,Mystic River,2003,https://boxd.it/2aAG
2021-08-30,Witness for the Prosecution,1957,https://boxd.it/18H4
2021-08-30,On the Waterfront,1954,https://boxd.it/29TC
2021-09-01,Barking Dogs Never Bite,2000,https://boxd.it/1BLa
2021-09-01,The Clown,2011,https://boxd.it/2MEc
2021-09-01,A Dog's Will,2000,https://boxd.it/12u4
2021-09-01,Bingo: The King of the Mornings,2017,https://boxd.it/fcGs
2021-09-01,Sympathy for Mr. Vengeance,2002,https://boxd.it/23WU
2021-09-05,"So Long, My Son",2019,https://boxd.it/hNzi
2021-09-05,Days of Being Wild,1990,https://boxd.it/1HbC
2021-09-05,2046,2004,https://boxd.it/29tu
2021-09-05,Han Gong-ju,2013,https://boxd.it/6KZq
2021-09-06,The Umbrellas of Cherbourg,1964,https://boxd.it/22fK
2021-09-06,Capernaum,2018,https://boxd.it/iM3s
2021-09-06,Le Trou,1960,https://boxd.it/1nSw
2021-09-06,La Jetée,1962,https://boxd.it/29Sk
2021-09-06,Breathless,1960,https://boxd.it/2aIK
2021-09-12,Paranoia Agent,2004,https://boxd.it/lPy0
2021-09-13,Columbus,2017,https://boxd.it/eCuA
2021-09-21,I Confess,1953,https://boxd.it/1lPK
2021-09-21,The World's End,2013,https://boxd.it/3EiO
2021-09-21,Shaun of the Dead,2004,https://boxd.it/29J8
2021-09-22,David Lynch Cooks Quinoa,2007,https://boxd.it/b9G2
2021-09-22,A Bittersweet Life,2005,https://boxd.it/1U4Y
2021-09-24,Being John Malkovich,1999,https://boxd.it/2ahu
2021-09-26,Inland Empire,2006,https://boxd.it/28d6
2021-09-26,Some Like It Hot,1959,https://boxd.it/2aNA
2021-09-26,The Fugitive,1993,https://boxd.it/230G
2021-09-26,Blood Simple,1984,https://boxd.it/1U16
2021-09-28,Tomboy,2011,https://boxd.it/49U
2021-09-28,Water Lilies,2007,https://boxd.it/1VjK
2021-09-29,The Girl Who Killed Her Parents,2021,https://boxd.it/mulc
2021-10-02,Titane,2021,https://boxd.it/nlQC
2021-10-12,Three Colours: Blue,1993,https://boxd.it/2b7K
2021-10-12,Three Colours: Red,1994,https://boxd.it/2b7q
2021-10-12,Three Colours: White,1994,https://boxd.it/2b7A
2021-10-19,Nights of Cabiria,1957,https://boxd.it/1F7e
2021-10-19,High and Low,1963,https://boxd.it/1RSc
2021-10-19,Only Yesterday,1991,https://boxd.it/1MR4
2021-10-19,Nausicaä of the Valley of the Wind,1984,https://boxd.it/2bc6
2021-10-19,When Marnie Was There,2014,https://boxd.it/78pm
2021-10-19,The Tale of the Princess Kaguya,2013,https://boxd.it/4JQI
2021-10-19,Pom Poko,1994,https://boxd.it/1Mvi
2021-10-19,The Secret World of Arrietty,2010,https://boxd.it/AF4
2021-10-19,Tales from Earthsea,2006,https://boxd.it/17ae
2021-10-19,Ponyo,2008,https://boxd.it/1S0A
2021-10-19,The Cat Returns,2002,https://boxd.it/1Mne
2021-10-19,Castle in the Sky,1986,https://boxd.it/1W4G
2021-10-19,My Neighbors the Yamadas,1999,https://boxd.it/1KC2
2021-10-22,Jeune Femme,2017,https://boxd.it/g7ds
2021-10-22,The Magnificent Seven,1960,https://boxd.it/29bA
2021-10-24,The Chaser,2008,https://boxd.it/1PgU
2021-10-24,1987: When the Day Comes,2017,https://boxd.it/fwdq
2021-11-03,Brick,2005,https://boxd.it/1Z6A
2021-11-07,Green Room,2015,https://boxd.it/a75m
2021-11-07,Opening Night,1977,https://boxd.it/1f4e
2021-11-08,Tokyo Story,1953,https://boxd.it/1HuY
2021-11-08,Time of the Gypsies,1988,https://boxd.it/1E1Y
2021-11-08,"Right Now, Wrong Then",2015,https://boxd.it/bWs4
2021-11-08,On the Beach at Night Alone,2017,https://boxd.it/fqEK
2021-11-08,The Day He Arrives,2011,https://boxd.it/31L8
2021-11-08,Burning,2018,https://boxd.it/hHUa
2021-11-08,Infernal Affairs,2002,https://boxd.it/1Vqw
2021-11-08,Rope,1948,https://boxd.it/28yo
2021-11-08,"Black Coal, Thin Ice",2014,https://boxd.it/7xaw
2021-11-08,Dope,2015,https://boxd.it/9Tho
2021-11-13,Bad Taste,1987,https://boxd.it/1Xq4
2021-11-15,The Lobster,2015,https://boxd.it/7tnw
2021-11-15,The Killing of a Sacred Deer,2017,https://boxd.it/dZ5G
2021-11-21,Underground,1995,https://boxd.it/1SOA
2021-11-23,The Kingdom of Dreams and Madness,2013,https://boxd.it/7oOi
2021-11-23,Never-Ending Man: Hayao Miyazaki,2016,https://boxd.it/gqMw
2021-11-23,10 Years with Hayao Miyazaki,2019,https://boxd.it/wfpS
2021-11-28,Mirror,1975,https://boxd.it/28Q8
2021-12-07,The Humans,2021,https://boxd.it/lEQM
2021-12-07,Carol,2015,https://boxd.it/7DPK
2021-12-12,Holy Motors,2012,https://boxd.it/3wai
2021-12-13,The Pink Cloud,2021,https://boxd.it/tbjA
2021-12-13,Benedetta,2021,https://boxd.it/gdNQ
2021-12-14,The Big Sick,2017,https://boxd.it/eHvy
2021-12-17,The Velvet Underground,2021,https://boxd.it/jPXA
2021-12-25,Kotoko,2011,https://boxd.it/3030
2021-12-25,Pleasure,2021,https://boxd.it/lPcy
2021-12-27,The Tragedy of Macbeth,2021,https://boxd.it/lMi4
2021-12-27,Lamb,2021,https://boxd.it/tFwE
2021-12-27,Jackie,2016,https://boxd.it/d6bu
2021-12-27,Ema,2019,https://boxd.it/jHWa
2021-12-28,The Last Duel,2021,https://boxd.it/mQbe
2021-12-28,Hard Eight,1996,https://boxd.it/20DU
2021-12-28,Phantom Thread,2017,https://boxd.it/e4uc
2022-01-01,The Father,2020,https://boxd.it/m8Ie
2022-01-02,Blossoms Shanghai,,https://boxd.it/wNOi
2022-01-02,White Noise,2022,https://boxd.it/rXgK
2022-01-03,Wheel of Fortune and Fantasy,2021,https://boxd.it/tWcm
2022-01-05,I Saw the Devil,2010,https://boxd.it/FaK
2022-01-08,I Blame Society,2020,https://boxd.it/oFBE
2022-01-08,Judas and the Black Messiah,2021,https://boxd.it/lsew
2022-01-08,No Sudden Move,2021,https://boxd.it/o7WS
2022-01-08,Promising Young Woman,2020,https://boxd.it/loRE
2022-01-09,Oasis,2002,https://boxd.it/1sO0
2022-01-09,King Richard,2021,https://boxd.it/mJZ2
2022-01-10,Flee,2021,https://boxd.it/ponM
2022-01-10,Mass,2021,https://boxd.it/eYAA
2022-01-10,Pig,2021,https://boxd.it/nzoW
2022-01-11,Yuni,2021,https://boxd.it/tXkw
2022-01-15,The Apartment,1960,https://boxd.it/2aGE
2022-01-15,Encanto,2021,https://boxd.it/kPRu
2022-01-17,Good Morning,1959,https://boxd.it/2lkk
2022-01-17,A Sun,2019,https://boxd.it/n3uo
2022-01-17,As Tears Go By,1988,https://boxd.it/1ybI
2022-01-17,Rashomon,1950,https://boxd.it/2a9K
2022-01-20,Dog Day Afternoon,1975,https://boxd.it/29bg
2022-01-23,"Oslo, August 31st",2011,https://boxd.it/2xQC
2022-01-23,Rebels of the Neon God,1992,https://boxd.it/mp2
2022-01-23,Vive L'Amour,1994,https://boxd.it/2wsa
2022-01-23,The House,2022,https://boxd.it/yVza
2022-01-29,Cinema Paradiso,1988,https://boxd.it/1UlA
2022-01-31,The Face of Another,1966,https://boxd.it/1nso
2022-02-02,Prayers for the Stolen,2021,https://boxd.it/oZhu
2022-02-05,Days,2020,https://boxd.it/oEE8
2022-02-05,Sleepless in Seattle,1993,https://boxd.it/29re
2022-02-05,The Grandmaster,2013,https://boxd.it/QU0
2022-02-06,mid90s,2018,https://boxd.it/fxIa
2022-02-06,Victoria,2015,https://boxd.it/amSe
2022-02-07,Rio Bravo,1959,https://boxd.it/2aE4
2022-02-07,The Wailing,2016,https://boxd.it/9fLy
2022-02-11,After Yang,2021,https://boxd.it/lx5a
2022-02-13,"Quo Vadis, Aida?",2020,https://boxd.it/riws
2022-02-22,Parallel Mothers,2021,https://boxd.it/sOP4
2022-03-06,Come and See,1985,https://boxd.it/1w9q
2022-03-14,Miracle on 34th Street,1947,https://boxd.it/1SRu
2022-03-14,The Shop Around the Corner,1940,https://boxd.it/1DFy
2022-03-14,Comfort and Joy,1984,https://boxd.it/1lEW
2022-04-09,Hard Boiled,1992,https://boxd.it/1T6a
2022-04-14,The Virgin Suicides,1999,https://boxd.it/28JG
2022-04-14,Mommy,2014,https://boxd.it/7Uau
2022-04-14,20th Century Women,2016,https://boxd.it/bqU6
2022-04-14,Submarine,2010,https://boxd.it/H4a
2022-04-18,Adaptation.,2002,https://boxd.it/26mA
2022-04-25,Suspiria,1977,https://boxd.it/1SNW
2022-04-27,India Song,1975,https://boxd.it/32HQ
2022-04-27,Do the Right Thing,1989,https://boxd.it/29gA
2022-04-29,Funny Games,1997,https://boxd.it/1WKM
2022-06-19,May 14th,2018,https://boxd.it/qKT8
2022-07-31,The Garden of Words,2013,https://boxd.it/5Ymq
2022-07-31,Marcel the Shell with Shoes On,2021,https://boxd.it/wMAk
2022-09-02,First Love,2019,https://boxd.it/m0iC
2022-09-15,Moonage Daydream,2022,https://boxd.it/A8Co
2022-09-22,Aloners,2021,https://boxd.it/ujeK
2022-09-28,Emergency Declaration,2021,https://boxd.it/nduy
2022-09-28,Resurrection,2022,https://boxd.it/wUKC
2022-09-30,Don't Worry Darling,2022,https://boxd.it/mViu
2022-10-06,To Kill a Mockingbird,1962,https://boxd.it/2a2E
2022-10-08,Almost Famous,2000,https://boxd.it/29CQ
2022-10-09,Eyes Wide Shut,1999,https://boxd.it/2axs
2022-10-10,The Innocents,1961,https://boxd.it/1KeY
2022-10-25,The Passengers of the Night,2022,https://boxd.it/xPBi
2022-11-03,All Quiet on the Western Front,2022,https://boxd.it/H08
2022-11-03,Waiting for Bojangles,2021,https://boxd.it/w7Ra
2022-11-09,"Comrades, Almost a Love Story",1996,https://boxd.it/18QU
2022-11-10,Murder on the Orient Express,1974,https://boxd.it/24IY
2022-11-10,Death on the Nile,1978,https://boxd.it/24I0
2022-11-10,Evil Under the Sun,1982,https://boxd.it/24HQ
2022-11-10,The Last of Sheila,1973,https://boxd.it/1u5G
2022-11-10,Deathtrap,1982,https://boxd.it/1IpU
2022-11-10,Gosford Park,2001,https://boxd.it/239e
2022-11-10,Le Samouraï,1967,https://boxd.it/22ZI
2022-11-10,Un Flic,1972,https://boxd.it/W8G
2022-11-20,The Trial,2018,https://boxd.it/i5aA
2022-11-20,The Edge of Democracy,2019,https://boxd.it/kLiA
2022-11-22,Sidewalls,2011,https://boxd.it/2EiM
2022-12-04,Atonement,2007,https://boxd.it/24ui
2022-12-05,TÁR,2022,https://boxd.it/uNIA
2022-12-15,France,2021,https://boxd.it/mdP0
2022-12-21,My Life as a Zucchini,2016,https://boxd.it/dL2y
2022-12-27,Zoolander,2001,https://boxd.it/1YMA
2022-12-31,The Last Boy Scout,1991,https://boxd.it/1YYQ
2023-01-16,The Neon Demon,2016,https://boxd.it/9AnW
2023-01-23,Holy Spider,2022,https://boxd.it/xBn2
2023-01-28,Black Orpheus,1959,https://boxd.it/11PU
2023-02-15,Belladonna of Sadness,1973,https://boxd.it/2q
2023-02-15,Daisies,1966,https://boxd.it/LZk
2023-02-22,RRR,2022,https://boxd.it/ljDs
2023-02-28,Tampopo,1985,https://boxd.it/1SZe
2023-03-11,The Naked Gun: From the Files of Police Squad!,1988,https://boxd.it/18YE
2023-03-14,The Housemaid,1960,https://boxd.it/WJs
2023-03-14,Stoker,2013,https://boxd.it/34S2
2023-03-16,Swiss Army Man,2016,https://boxd.it/bDG2
2023-03-16,Papillon,1973,https://boxd.it/22kK
2023-03-21,The Man Who Wasn't There,2001,https://boxd.it/1Vqc
2023-03-26,Following,1998,https://boxd.it/1Tj4
2023-03-26,In This Corner of the World,2016,https://boxd.it/d9kY
2023-03-30,Asteroid City,2023,https://boxd.it/s3ds
2023-04-18,BEEF,2023,https://boxd.it/FPsm
2023-04-18,No Bears,2022,https://boxd.it/ANxk
2023-05-03,The Princess Bride,1987,https://boxd.it/26EY
2023-05-11,Shithouse,2020,https://boxd.it/nCFc
